PFC,100000048689195,Unknown
PFC,100000048798127,Unknown
PFC,100000048986861,Unknown
PFC,100000048675416,Unknown
PFC,100000048618957,Unknown
PFC,100000048502985,Unknown
PFC,100000048624140,Unknown
PFC,100000048574564,Unknown
PFC,100000048986904,Unknown
PFC,100000048818607,Unknown
PFC,100000048706102,Unknown
PFC,100000048666556,Unknown
PFC,100000048875210,Unknown
PFC,100000048891181,Unknown
PFC,100000048945734,Unknown
PFC,100000048755108,Unknown
PFC,100000048947298,Unknown
PFC,100000048831762,Unknown
PFC,100000048719103,Unknown
PFC,100000048755453,Unknown
PFC,100000048482653,Unknown
PFC,100000048861850,Unknown
PFC,100000048746770,Unknown
PFC,100000048965305,Unknown
PFC,100000048646328,Unknown
PFC,100000048738895,Unknown
PFC,100000048651677,Unknown
PFC,100000048640289,Unknown
PFC,100000048821024,Unknown
PFC,100000048553187,Unknown
PFC,100000048649751,Unknown
PFC,100000048881462,Unknown
PFC,100000048991199,Unknown
PFC,100000048522245,Unknown
PFC,100000048975623,Unknown
PFC,100000048639670,Unknown
PFC,100000048749376,Unknown
PFC,100000048900347,Unknown
PFC,100000048911007,Unknown
PFC,100000048971454,Unknown
PFC,100000048538673,Unknown
PFC,100000049132301,Unknown
PFC,100000048589732,Unknown
PFC,100000048984839,Unknown
PFC,100000048489558,Unknown
PFC,100000048569183,Unknown
PFC,100000048851841,Unknown
PFC,100000049043803,Unknown
PFC,100000048673300,Unknown
PFC,100000048799238,Unknown
PFC,100000048490836,Unknown
PFC,100000048761717,Unknown
PFC,100000049125162,Unknown
PFC,100000048488541,Unknown
PFC,100000048808343,Unknown
PFC,100000048567859,Unknown
PFC,100000048629053,Unknown
PFC,100000049011321,Unknown
PFC,100000048528498,Unknown
PFC,100000048546784,Unknown
PFC,100000049051980,Unknown
PFC,100000049003421,Unknown
PFC,100000048643964,Unknown
PFC,100000049054063,Unknown
PFC,100000048983210,Unknown
PFC,100000048590676,Unknown
PFC,100000048976531,Unknown
PFC,100000049072562,Unknown
PFC,100000048916462,Unknown
PFC,100000048865395,Unknown
PFC,100000048908791,Unknown
PFC,100000049062087,Unknown
PFC,100000048762813,Unknown
PFC,100000048927058,Unknown
PFC,100000049156962,Unknown
PFC,100000049189236,Unknown
PFC,100000049161076,Unknown
PFC,100000049352375,Unknown
PFC,100000049334544,Unknown
PFC,100000049276892,Unknown
PFC,100000049266850,Unknown
PFC,100000049312288,Unknown
PFC,100000049271564,Unknown
PFC,100000049112966,Unknown
PFC,100000049252195,Unknown
PFC,100000049332960,Unknown
PFC,100000049294774,Unknown
PFC,100000049276364,Unknown
PFC,100000049254263,Unknown
PFC,100000049088407,Unknown
PFC,100000049057828,Unknown
PFC,100000049046080,Unknown
PFC,100000049074244,Unknown
PFC,100000049226783,Unknown
PFC,100000049278627,Unknown
PFC,100000049345739,Unknown
PFC,100000049099194,Unknown
PFC,100000049295220,Unknown
PFC,100000049184490,Unknown
PFC,100000049140382,Unknown
PFC,100000049191884,Unknown
PFC,100000049131093,Unknown
PFC,100000049149765,Unknown
PFC,100000049165571,Unknown
PFC,100000049053140,Unknown
PFC,100000049148363,Unknown
PFC,100000049071720,Unknown
PFC,100000049165463,Unknown
PFC,100000049252742,Unknown
PFC,100000048444271,Unknown
PFC,100000048729812,Unknown
PFC,100000048618591,Unknown
PFC,100000048630828,Unknown
PFC,100000048660441,Unknown
PFC,100000048538038,Unknown
PFC,100000048722186,Unknown
PFC,100000048408454,Unknown
PFC,100000048588486,Unknown
PFC,100000048525836,Unknown
PFC,100000048635114,Unknown
PFC,100000048589471,Unknown
PFC,100000048696897,Unknown
PFC,100000048574661,Unknown
PFC,100000049662204,Unknown
PFC,100000049379391,Unknown
PFC,100000049672172,Unknown
PFC,100000049964692,Unknown
PFC,100000049934290,Unknown
PFC,100000049659575,Unknown
PFC,100000049665648,Unknown
PFC,100000049581664,Unknown
PFC,100000049587311,Unknown
PFC,100000049697883,Unknown
PFC,100000049709037,Unknown
PFC,100000049782221,Unknown
PFC,100000049453902,Unknown
PFC,100000049634119,Unknown
PFC,100000049933195,Unknown
PFC,100000049714203,Unknown
PFC,100000049988511,Unknown
PFC,100000049688996,Unknown
PFC,100000049580179,Unknown
PFC,100000049769024,Unknown
PFC,100000049715363,Unknown
PFC,100000049539833,Unknown
PFC,100000049555226,Unknown
PFC,100000049897173,Unknown
PFC,100000049483751,Unknown
PFC,100000049798641,Unknown
PFC,100000049618546,Unknown
PFC,100000049526731,Unknown
PFC,100000049387992,Unknown
PFC,100000049970937,Unknown
PFC,100000049826289,Unknown
PFC,100000049494258,Unknown
PFC,100000049625096,Unknown
PFC,100000049736203,Unknown
PFC,100000049675436,Unknown
PFC,100000049575877,Unknown
PFC,100000049893556,Unknown
PFC,100000049846898,Unknown
PFC,100000049906397,Unknown
PFC,100000049365913,Unknown
PFC,100000049379542,Unknown
PFC,100000048674095,Unknown
PFC,100000048817330,Unknown
PFC,100000048506146,Unknown
PFC,100000048763171,Unknown
PFC,100000048800021,Unknown
PFC,100000048507929,Unknown
PFC,100000048906752,Unknown
PFC,100000048965043,Unknown
PFC,100000048629679,Unknown
PFC,100000048604000,Unknown
PFC,100000048886917,Unknown
PFC,100000048584644,Unknown
PFC,100000048513143,Unknown
PFC,100000048971343,Unknown
PFC,100000048609260,Unknown
PFC,100000048754593,Unknown
PFC,100000048683328,Unknown
PFC,100000048919747,Unknown
PFC,100000048560449,Unknown
PFC,100000048535512,Unknown
PFC,100000048765865,Unknown
PFC,100000048497637,Unknown
PFC,100000048911111,Unknown
PFC,100000048813190,Unknown
PFC,100000048628502,Unknown
PFC,100000048734295,Unknown
PFC,100000048838160,Unknown
PFC,100000048484538,Unknown
PFC,100000048824983,Unknown
PFC,100000048921870,Unknown
PFC,100000048513885,Unknown
PFC,100000048566120,Unknown
PFC,100000048964061,Unknown
PFC,100000048783896,Unknown
PFC,100000048845153,Unknown
PFC,100000048694796,Unknown
PFC,100000048553888,Unknown
PFC,100000048851255,Unknown
PFC,100000048512020,Unknown
PFC,100000048721725,Unknown
PFC,100000048532573,Unknown
PFC,100000049069394,Unknown
PFC,100000048990003,Unknown
PFC,100000049029019,Unknown
PFC,100000048898632,Unknown
PFC,100000048765384,Unknown
PFC,100000049120035,Unknown
PFC,100000049133977,Unknown
PFC,100000048915292,Unknown
PFC,100000048612468,Unknown
PFC,100000048739154,Unknown
PFC,100000048791052,Unknown
PFC,100000048862244,Unknown
PFC,100000048985394,Unknown
PFC,100000048845155,Unknown
PFC,100000048546466,Unknown
PFC,100000048937257,Unknown
PFC,100000048645061,Unknown
PFC,100000048775128,Unknown
PFC,100000048682650,Unknown
PFC,100000048763837,Unknown
PFC,100000049106412,Unknown
PFC,100000048610436,Unknown
PFC,100000049113325,Unknown
PFC,100000048913100,Unknown
PFC,100000048515532,Unknown
PFC,100000048558584,Unknown
PFC,100000048536651,Unknown
PFC,100000048748795,Unknown
PFC,100000048666963,Unknown
PFC,100000048927283,Unknown
PFC,100000048909907,Unknown
PFC,100000048641858,Unknown
PFC,100000048896456,Unknown
PFC,100000049226780,Unknown
PFC,100000049343745,Unknown
PFC,100000049280264,Unknown
PFC,100000049346758,Unknown
PFC,100000049251191,Unknown
PFC,100000049220953,Unknown
PFC,100000049314928,Unknown
PFC,100000049284876,Unknown
PFC,100000049264869,Unknown
PFC,100000049024954,Unknown
PFC,100000049219530,Unknown
PFC,100000049300157,Unknown
PFC,100000049256098,Unknown
PFC,100000049249658,Unknown
PFC,100000049203075,Unknown
PFC,100000049314724,Unknown
PFC,100000049082550,Unknown
PFC,100000049077417,Unknown
PFC,100000049108727,Unknown
PFC,100000049334834,Unknown
PFC,100000049255098,Unknown
PFC,100000049270201,Unknown
PFC,100000049259636,Unknown
PFC,100000049266318,Unknown
PFC,100000049024706,Unknown
PFC,100000049148727,Unknown
PFC,100000049200260,Unknown
PFC,100000049055154,Unknown
PFC,100000049084325,Unknown
PFC,100000049050042,Unknown
PFC,100000049193203,Unknown
PFC,100000049166772,Unknown
PFC,100000049160763,Unknown
PFC,100000049211931,Unknown
PFC,100000049335524,Unknown
PFC,100000049269729,Unknown
PFC,100000049282514,Unknown
PFC,100000049286115,Unknown
PFC,100000049278127,Unknown
PFC,100000048609181,Unknown
PFC,100000048416446,Unknown
PFC,100000048508024,Unknown
PFC,100000048749445,Unknown
PFC,100000048500347,Unknown
PFC,100000048733837,Unknown
PFC,100000048572500,Unknown
PFC,100000049655633,Unknown
PFC,100000049356896,Unknown
PFC,100000049515133,Unknown
PFC,100000049570796,Unknown
PFC,100000049901617,Unknown
PFC,100000049736401,Unknown
PFC,100000049720812,Unknown
PFC,100000049472729,Unknown
PFC,100000049891421,Unknown
PFC,100000049568680,Unknown
PFC,100000049821175,Unknown
PFC,100000049840057,Unknown
PFC,100000049507082,Unknown
PFC,100000049493678,Unknown
PFC,100000049365992,Unknown
PFC,100000049664266,Unknown
PFC,100000049364472,Unknown
PFC,100000049622217,Unknown
PFC,100000049876741,Unknown
PFC,100000049760241,Unknown
PFC,100000049726050,Unknown
PFC,100000049483032,Unknown
PFC,100000049590533,Unknown
PFC,100000049668419,Unknown
PFC,100000049601897,Unknown
PFC,100000049488857,Unknown
PFC,100000049607145,Unknown
PFC,100000049672341,Unknown
PFC,100000049577128,Unknown
PFC,100000049535477,Unknown
PFC,100000049835075,Unknown
PFC,100000049364385,Unknown
PFC,100000049975759,Unknown
PFC,100000049855159,Unknown
PFC,100000049622918,Unknown
PFC,100000049731470,Unknown
PFC,100000049936058,Unknown
PFC,100000049622853,Unknown
PFC,100000049820555,Unknown
PFC,100000049975454,Unknown
PFC,100000049919900,Unknown
PFC,100000049883533,Unknown
PFC,100000049396437,Unknown
PFC,100000049662474,Unknown
PFC,100000049814705,Unknown
PFC,100000049673462,Unknown
PFC,100000049908547,Unknown
PFC,100000048849900,Unknown
PFC,100000048930087,Unknown
PFC,100000048474727,Unknown
PFC,100000048816174,Unknown
PFC,100000048715172,Unknown
PFC,100000048730913,Unknown
PFC,100000048623817,Unknown
PFC,100000048975577,Unknown
PFC,100000048740999,Unknown
PFC,100000048488030,Unknown
PFC,100000048626406,Unknown
PFC,100000048866942,Unknown
PFC,100000048620257,Unknown
PFC,100000048496118,Unknown
PFC,100000048878650,Unknown
PFC,100000048829646,Unknown
PFC,100000048817148,Unknown
PFC,100000048806815,Unknown
PFC,100000048855301,Unknown
PFC,100000048761687,Unknown
PFC,100000048569664,Unknown
PFC,100000048858409,Unknown
PFC,100000048608808,Unknown
PFC,100000048653081,Unknown
PFC,100000048820246,Unknown
PFC,100000048496907,Unknown
PFC,100000048632651,Unknown
PFC,100000048897814,Unknown
PFC,100000048548972,Unknown
PFC,100000048989129,Unknown
PFC,100000048576833,Unknown
PFC,100000048526195,Unknown
PFC,100000048986014,Unknown
PFC,100000048483478,Unknown
PFC,100000048514426,Unknown
PFC,100000048979703,Unknown
PFC,100000048937752,Unknown
PFC,100000048728948,Unknown
PFC,100000048494728,Unknown
PFC,100000048814286,Unknown
PFC,100000048478188,Unknown
PFC,100000048553401,Unknown
PFC,100000048746368,Unknown
PFC,100000048468540,Unknown
PFC,100000048860033,Unknown
PFC,100000048556709,Unknown
PFC,100000048717366,Unknown
PFC,100000048969922,Unknown
PFC,100000048874738,Unknown
PFC,100000048982609,Unknown
PFC,100000049001562,Unknown
PFC,100000049049137,Unknown
PFC,100000049101235,Unknown
PFC,100000048981603,Unknown
PFC,100000048538491,Unknown
PFC,100000049092269,Unknown
PFC,100000048512315,Unknown
PFC,100000048939671,Unknown
PFC,100000048699559,Unknown
PFC,100000049097247,Unknown
PFC,100000048894169,Unknown
PFC,100000048609203,Unknown
PFC,100000048867863,Unknown
PFC,100000048870287,Unknown
PFC,100000049029797,Unknown
PFC,100000048579269,Unknown
PFC,100000049107395,Unknown
PFC,100000048916111,Unknown
PFC,100000048933246,Unknown
PFC,100000048694774,Unknown
PFC,100000048983875,Unknown
PFC,100000049096020,Unknown
PFC,100000048951820,Unknown
PFC,100000048659071,Unknown
PFC,100000048907574,Unknown
PFC,100000048687665,Unknown
PFC,100000049071313,Unknown
PFC,100000049315259,Unknown
PFC,100000049335173,Unknown
PFC,100000049350449,Unknown
PFC,100000049040051,Unknown
PFC,100000049180787,Unknown
PFC,100000049032575,Unknown
PFC,100000049252106,Unknown
PFC,100000049227417,Unknown
PFC,100000049314535,Unknown
PFC,100000049174021,Unknown
PFC,100000049127492,Unknown
PFC,100000049283185,Unknown
PFC,100000049308596,Unknown
PFC,100000049312598,Unknown
PFC,100000049314930,Unknown
PFC,100000049251690,Unknown
PFC,100000049109213,Unknown
PFC,100000049183625,Unknown
PFC,100000049246539,Unknown
PFC,100000049192462,Unknown
PFC,100000049231290,Unknown
PFC,100000049303479,Unknown
PFC,100000049183673,Unknown
PFC,100000049035983,Unknown
PFC,100000049170479,Unknown
PFC,100000049178058,Unknown
PFC,100000049203219,Unknown
PFC,100000049207470,Unknown
PFC,100000049213161,Unknown
PFC,100000049175903,Unknown
PFC,100000049058272,Unknown
PFC,100000049351102,Unknown
PFC,100000049222260,Unknown
PFC,100000049323282,Unknown
PFC,100000049304354,Unknown
PFC,100000049341048,Unknown
PFC,100000049247169,Unknown
PFC,100000048598346,Unknown
PFC,100000048485945,Unknown
PFC,100000048425303,Unknown
PFC,100000048474787,Unknown
PFC,100000048438109,Unknown
PFC,100000048542522,Unknown
PFC,100000048489704,Unknown
PFC,100000048421558,Unknown
PFC,100000048756226,Unknown
PFC,100000048433139,Unknown
PFC,100000049395629,Unknown
PFC,100000049423773,Unknown
PFC,100000049617878,Unknown
PFC,100000049742183,Unknown
PFC,100000049975790,Unknown
PFC,100000049554957,Unknown
PFC,100000049383963,Unknown
PFC,100000049942141,Unknown
PFC,100000049447424,Unknown
PFC,100000049941708,Unknown
PFC,100000049393815,Unknown
PFC,100000049910437,Unknown
PFC,100000049953121,Unknown
PFC,100000049416335,Unknown
PFC,100000049939199,Unknown
PFC,100000049764663,Unknown
PFC,100000049425959,Unknown
PFC,100000049418507,Unknown
PFC,100000049400403,Unknown
PFC,100000049880696,Unknown
PFC,100000049443470,Unknown
PFC,100000049853316,Unknown
PFC,100000049453995,Unknown
PFC,100000049869734,Unknown
PFC,100000049595165,Unknown
PFC,100000049579956,Unknown
PFC,100000049890718,Unknown
PFC,100000049986988,Unknown
PFC,100000049535081,Unknown
PFC,100000049938222,Unknown
PFC,100000049456419,Unknown
PFC,100000049601016,Unknown
PFC,100000049954136,Unknown
PFC,100000049937941,Unknown
PFC,100000049399399,Unknown
PFC,100000049754778,Unknown
PFC,100000049543986,Unknown
PFC,100000049689211,Unknown
PFC,100000049538575,Unknown
PFC,100000049400405,Unknown
PFC,100000049605836,Unknown
PFC,100000049415866,Unknown
PFC,100000049684997,Unknown
PFC,100000049952423,Unknown
PFC,100000049516657,Unknown
PFC,100000049486490,Unknown
PFC,100000049413527,Unknown
PFC,100000049366770,Unknown
PFC,100000049440968,Unknown
PFC,100000049801469,Unknown
PFC,100000049990312,Unknown
PFC,100000048679896,Unknown
PFC,100000048681472,Unknown
PFC,100000048574632,Unknown
PFC,100000048655126,Unknown
PFC,100000048824107,Unknown
PFC,100000048697682,Unknown
PFC,100000048890497,Unknown
PFC,100000048874659,Unknown
PFC,100000048912437,Unknown
PFC,100000048898030,Unknown
PFC,100000048863695,Unknown
PFC,100000048770152,Unknown
PFC,100000048655917,Unknown
PFC,100000048778233,Unknown
PFC,100000048927006,Unknown
PFC,100000048822532,Unknown
PFC,100000048917735,Unknown
PFC,100000048748984,Unknown
PFC,100000048674365,Unknown
PFC,100000048793135,Unknown
PFC,100000048847401,Unknown
PFC,100000048853181,Unknown
PFC,100000048886854,Unknown
PFC,100000048508626,Unknown
PFC,100000048673665,Unknown
PFC,100000048935659,Unknown
PFC,100000048969833,Unknown
PFC,100000048596675,Unknown
PFC,100000048823306,Unknown
PFC,100000048784573,Unknown
PFC,100000048759522,Unknown
PFC,100000048616802,Unknown
PFC,100000048726809,Unknown
PFC,100000048673845,Unknown
PFC,100000048518623,Unknown
PFC,100000048737234,Unknown
PFC,100000048760876,Unknown
PFC,100000048535792,Unknown
PFC,100000048616971,Unknown
PFC,100000048963629,Unknown
PFC,100000048899959,Unknown
PFC,100000048768873,Unknown
PFC,100000048673556,Unknown
PFC,100000048874108,Unknown
PFC,100000048983763,Unknown
PFC,100000048551954,Unknown
PFC,100000049070494,Unknown
PFC,100000048620632,Unknown
PFC,100000048883019,Unknown
PFC,100000048809205,Unknown
PFC,100000048732740,Unknown
PFC,100000048991141,Unknown
PFC,100000048591934,Unknown
PFC,100000049036153,Unknown
PFC,100000048648012,Unknown
PFC,100000048618407,Unknown
PFC,100000048945430,Unknown
PFC,100000048510561,Unknown
PFC,100000049034242,Unknown
PFC,100000049011762,Unknown
PFC,100000048489390,Unknown
PFC,100000048830127,Unknown
PFC,100000048871732,Unknown
PFC,100000048475198,Unknown
PFC,100000048704994,Unknown
PFC,100000048562259,Unknown
PFC,100000048869105,Unknown
PFC,100000048518239,Unknown
PFC,100000048541401,Unknown
PFC,100000048701876,Unknown
PFC,100000048646142,Unknown
PFC,100000049143953,Unknown
PFC,100000048552199,Unknown
PFC,100000048703144,Unknown
PFC,100000049006713,Unknown
PFC,100000048956506,Unknown
PFC,100000048847318,Unknown
PFC,100000048611200,Unknown
PFC,100000048911370,Unknown
PFC,100000048508747,Unknown
PFC,100000048508735,Unknown
PFC,100000049094335,Unknown
PFC,100000048481835,Unknown
PFC,100000048645447,Unknown
PFC,100000048873764,Unknown
PFC,100000049067207,Unknown
PFC,100000049186597,Unknown
PFC,100000049242780,Unknown
PFC,100000049096158,Unknown
PFC,100000049342426,Unknown
PFC,100000049328618,Unknown
PFC,100000049223778,Unknown
PFC,100000049058787,Unknown
PFC,100000049118360,Unknown
PFC,100000049180491,Unknown
PFC,100000049201231,Unknown
PFC,100000049037716,Unknown
PFC,100000049247363,Unknown
PFC,100000049319418,Unknown
PFC,100000049223763,Unknown
PFC,100000049281629,Unknown
PFC,100000049251265,Unknown
PFC,100000049020781,Unknown
PFC,100000049130896,Unknown
PFC,100000049141248,Unknown
PFC,100000049262554,Unknown
PFC,100000049198968,Unknown
PFC,100000049123620,Unknown
PFC,100000049049995,Unknown
PFC,100000049165619,Unknown
PFC,100000049343710,Unknown
PFC,100000049339428,Unknown
PFC,100000049316070,Unknown
PFC,100000049226306,Unknown
PFC,100000048766314,Unknown
PFC,100000048640288,Unknown
PFC,100000048759008,Unknown
PFC,100000048652168,Unknown
PFC,100000048425509,Unknown
PFC,100000048618074,Unknown
PFC,100000048525023,Unknown
PFC,100000048758879,Unknown
PFC,100000048579426,Unknown
PFC,100000048564523,Unknown
PFC,100000049839458,Unknown
PFC,100000049820000,Unknown
PFC,100000049407148,Unknown
PFC,100000049990801,Unknown
PFC,100000049805154,Unknown
PFC,100000049986331,Unknown
PFC,100000049860105,Unknown
PFC,100000049561716,Unknown
PFC,100000049639616,Unknown
PFC,100000049962769,Unknown
PFC,100000049840386,Unknown
PFC,100000049414674,Unknown
PFC,100000049735630,Unknown
PFC,100000049572932,Unknown
PFC,100000049573236,Unknown
PFC,100000049463645,Unknown
PFC,100000049773574,Unknown
PFC,100000049381547,Unknown
PFC,100000049420029,Unknown
PFC,100000049964733,Unknown
PFC,100000049485578,Unknown
PFC,100000049990981,Unknown
PFC,100000049434551,Unknown
PFC,100000049401844,Unknown
PFC,100000049925693,Unknown
PFC,100000049976078,Unknown
PFC,100000049866268,Unknown
PFC,100000049735612,Unknown
PFC,100000049893179,Unknown
PFC,100000049893125,Unknown
PFC,100000049377378,Unknown
PFC,100000049658616,Unknown
PFC,100000049524287,Unknown
PFC,100000049467478,Unknown
PFC,100000049891951,Unknown
PFC,100000049689647,Unknown
PFC,100000049973991,Unknown
PFC,100000049539841,Unknown
PFC,100000049671956,Unknown
PFC,100000049907994,Unknown
PFC,100000049365640,Unknown
PFC,100000049771106,Unknown
PFC,100000049862587,Unknown
PFC,100000049512351,Unknown
PFC,100000049685605,Unknown
PFC,100000049630455,Unknown
PFC,100000049677257,Unknown
PFC,100000048890322,Unknown
PFC,100000048871098,Unknown
PFC,100000048860643,Unknown
PFC,100000048907540,Unknown
PFC,100000048858908,Unknown
PFC,100000048669278,Unknown
PFC,100000048891950,Unknown
PFC,100000048881929,Unknown
PFC,100000048785099,Unknown
PFC,100000048970123,Unknown
PFC,100000048919011,Unknown
PFC,100000048887139,Unknown
PFC,100000048912000,Unknown
PFC,100000048608980,Unknown
PFC,100000048702267,Unknown
PFC,100000048642820,Unknown
PFC,100000048715768,Unknown
PFC,100000048844389,Unknown
PFC,100000048754644,Unknown
PFC,100000048703828,Unknown
PFC,100000048854366,Unknown
PFC,100000048508302,Unknown
PFC,100000048875257,Unknown
PFC,100000048942641,Unknown
PFC,100000048664680,Unknown
PFC,100000048472854,Unknown
PFC,100000048473779,Unknown
PFC,100000048617172,Unknown
PFC,100000048627081,Unknown
PFC,100000048553097,Unknown
PFC,100000048771349,Unknown
PFC,100000048552940,Unknown
PFC,100000048747088,Unknown
PFC,100000048819369,Unknown
PFC,100000048976321,Unknown
PFC,100000048591141,Unknown
PFC,100000049104453,Unknown
PFC,100000048712170,Unknown
PFC,100000048740604,Unknown
PFC,100000048692621,Unknown
PFC,100000048700409,Unknown
PFC,100000049105791,Unknown
PFC,100000049035176,Unknown
PFC,100000048495728,Unknown
PFC,100000048948758,Unknown
PFC,100000048735474,Unknown
PFC,100000048540000,Unknown
PFC,100000048560580,Unknown
PFC,100000048516621,Unknown
PFC,100000049006707,Unknown
PFC,100000048932114,Unknown
PFC,100000048837260,Unknown
PFC,100000048692099,Unknown
PFC,100000049065418,Unknown
PFC,100000048482522,Unknown
PFC,100000049065533,Unknown
PFC,100000049120803,Unknown
PFC,100000048833365,Unknown
PFC,100000048771684,Unknown
PFC,100000049103867,Unknown
PFC,100000048574779,Unknown
PFC,100000049043847,Unknown
PFC,100000048683529,Unknown
PFC,100000048842657,Unknown
PFC,100000048979844,Unknown
PFC,100000048567813,Unknown
PFC,100000048833975,Unknown
PFC,100000049253977,Unknown
PFC,100000049226684,Unknown
PFC,100000049261170,Unknown
PFC,100000049334632,Unknown
PFC,100000049062832,Unknown
PFC,100000049087910,Unknown
PFC,100000049047004,Unknown
PFC,100000049071822,Unknown
PFC,100000049084937,Unknown
PFC,100000049029285,Unknown
PFC,100000049278520,Unknown
PFC,100000049049478,Unknown
PFC,100000049236555,Unknown
PFC,100000049269679,Unknown
PFC,100000049117006,Unknown
PFC,100000049219009,Unknown
PFC,100000049204316,Unknown
PFC,100000049299853,Unknown
PFC,100000049127220,Unknown
PFC,100000049320593,Unknown
PFC,100000049147051,Unknown
PFC,100000049267411,Unknown
PFC,100000049229544,Unknown
PFC,100000049221833,Unknown
PFC,100000049230067,Unknown
PFC,100000049055412,Unknown
PFC,100000049039698,Unknown
PFC,100000049199230,Unknown
PFC,100000049040823,Unknown
PFC,100000049189249,Unknown
PFC,100000049127092,Unknown
PFC,100000049092989,Unknown
PFC,100000049146636,Unknown
PFC,100000049072437,Unknown
PFC,100000049038671,Unknown
PFC,100000049183903,Unknown
PFC,100000049048044,Unknown
PFC,100000049039255,Unknown
PFC,100000049251365,Unknown
PFC,100000049338082,Unknown
PFC,100000049224650,Unknown
PFC,100000049271978,Unknown
PFC,100000049312523,Unknown
PFC,100000049291933,Unknown
PFC,100000048619638,Unknown
PFC,100000048484866,Unknown
PFC,100000048672458,Unknown
PFC,100000048772872,Unknown
PFC,100000048709023,Unknown
PFC,100000048674085,Unknown
PFC,100000048499813,Unknown
PFC,100000048480584,Unknown
PFC,100000048460457,Unknown
PFC,100000048669395,Unknown
PFC,100000048421017,Unknown
PFC,100000048499743,Unknown
PFC,100000049755201,Unknown
PFC,100000049732191,Unknown
PFC,100000049534219,Unknown
PFC,100000049396805,Unknown
PFC,100000049471595,Unknown
PFC,100000049789908,Unknown
PFC,100000049812257,Unknown
PFC,100000049357661,Unknown
PFC,100000049366992,Unknown
PFC,100000049848739,Unknown
PFC,100000049924478,Unknown
PFC,100000049397863,Unknown
PFC,100000049925963,Unknown
PFC,100000049698962,Unknown
PFC,100000049957527,Unknown
PFC,100000049584032,Unknown
PFC,100000049366033,Unknown
PFC,100000049432788,Unknown
PFC,100000049478290,Unknown
PFC,100000049469355,Unknown
PFC,100000049416787,Unknown
PFC,100000049754422,Unknown
PFC,100000049768156,Unknown
PFC,100000049373057,Unknown
PFC,100000049630361,Unknown
PFC,100000049916238,Unknown
PFC,100000049862691,Unknown
PFC,100000049800089,Unknown
PFC,100000049460709,Unknown
PFC,100000049502083,Unknown
PFC,100000049669054,Unknown
PFC,100000049516669,Unknown
PFC,100000049563817,Unknown
PFC,100000049935971,Unknown
PFC,100000048895864,Unknown
PFC,100000048659576,Unknown
PFC,100000048903442,Unknown
PFC,100000048509042,Unknown
PFC,100000048977888,Unknown
PFC,100000048772273,Unknown
PFC,100000048742985,Unknown
PFC,100000048974356,Unknown
PFC,100000048939595,Unknown
PFC,100000048547243,Unknown
PFC,100000048544122,Unknown
PFC,100000048823698,Unknown
PFC,100000048968332,Unknown
PFC,100000048691700,Unknown
PFC,100000048849701,Unknown
PFC,100000048916095,Unknown
PFC,100000048748846,Unknown
PFC,100000048616781,Unknown
PFC,100000048870024,Unknown
PFC,100000048508603,Unknown
PFC,100000048897644,Unknown
PFC,100000048559463,Unknown
PFC,100000048990570,Unknown
PFC,100000048676222,Unknown
PFC,100000048781735,Unknown
PFC,100000048942070,Unknown
PFC,100000048986486,Unknown
PFC,100000048573204,Unknown
PFC,100000048569461,Unknown
PFC,100000048793141,Unknown
PFC,100000048854069,Unknown
PFC,100000048936599,Unknown
PFC,100000048974956,Unknown
PFC,100000049102156,Unknown
PFC,100000049141366,Unknown
PFC,100000048637927,Unknown
PFC,100000048939483,Unknown
PFC,100000048884768,Unknown
PFC,100000049010306,Unknown
PFC,100000049045504,Unknown
PFC,100000049116446,Unknown
PFC,100000048797663,Unknown
PFC,100000048944313,Unknown
PFC,100000048896188,Unknown
PFC,100000048673762,Unknown
PFC,100000048702549,Unknown
PFC,100000048885888,Unknown
PFC,100000049011861,Unknown
PFC,100000048791491,Unknown
PFC,100000049119803,Unknown
PFC,100000048859684,Unknown
PFC,100000049068551,Unknown
PFC,100000048644115,Unknown
PFC,100000048889533,Unknown
PFC,100000048818829,Unknown
PFC,100000049124666,Unknown
PFC,100000048901935,Unknown
PFC,100000049063028,Unknown
PFC,100000049341660,Unknown
PFC,100000049224557,Unknown
PFC,100000049338689,Unknown
PFC,100000049065238,Unknown
PFC,100000049324336,Unknown
PFC,100000049308540,Unknown
PFC,100000049255756,Unknown
PFC,100000049029869,Unknown
PFC,100000049353732,Unknown
PFC,100000049107594,Unknown
PFC,100000049311763,Unknown
PFC,100000049062534,Unknown
PFC,100000049276391,Unknown
PFC,100000049145903,Unknown
PFC,100000049026566,Unknown
PFC,100000049270225,Unknown
PFC,100000049286823,Unknown
PFC,100000049060418,Unknown
PFC,100000049224867,Unknown
PFC,100000049253194,Unknown
PFC,100000049335340,Unknown
PFC,100000049236803,Unknown
PFC,100000049332202,Unknown
PFC,100000049224768,Unknown
PFC,100000049083318,Unknown
PFC,100000049192191,Unknown
PFC,100000049044575,Unknown
PFC,100000049022611,Unknown
PFC,100000049213728,Unknown
PFC,100000049173460,Unknown
PFC,100000049191155,Unknown
PFC,100000049282346,Unknown
PFC,100000049292988,Unknown
PFC,100000049303681,Unknown
PFC,100000049340501,Unknown
PFC,100000049294113,Unknown
PFC,100000049328532,Unknown
PFC,100000048582028,Unknown
PFC,100000048570684,Unknown
PFC,100000048672043,Unknown
PFC,100000048513903,Unknown
PFC,100000048450727,Unknown
PFC,100000048660207,Unknown
PFC,100000049404885,Unknown
PFC,100000049532480,Unknown
PFC,100000049359130,Unknown
PFC,100000049963194,Unknown
PFC,100000049516691,Unknown
PFC,100000049993172,Unknown
PFC,100000049690394,Unknown
PFC,100000049582750,Unknown
PFC,100000049929396,Unknown
PFC,100000049499679,Unknown
PFC,100000049879660,Unknown
PFC,100000049512566,Unknown
PFC,100000049593776,Unknown
PFC,100000049382310,Unknown
PFC,100000049547563,Unknown
PFC,100000049601172,Unknown
PFC,100000049668540,Unknown
PFC,100000049562173,Unknown
PFC,100000049817891,Unknown
PFC,100000049986006,Unknown
PFC,100000049702311,Unknown
PFC,100000049463683,Unknown
PFC,100000049389164,Unknown
PFC,100000049472356,Unknown
PFC,100000049382572,Unknown
PFC,100000049923142,Unknown
PFC,100000049479662,Unknown
PFC,100000049552447,Unknown
PFC,100000049766055,Unknown
PFC,100000049361692,Unknown
PFC,100000049675589,Unknown
PFC,100000049361103,Unknown
PFC,100000049723494,Unknown
PFC,100000049971059,Unknown
PFC,100000049929274,Unknown
PFC,100000049928394,Unknown
PFC,100000049822416,Unknown
PFC,100000049448591,Unknown
PFC,100000049965262,Unknown
PFC,100000049872880,Unknown
PFC,100000049904203,Unknown
PFC,100000049923876,Unknown
PFC,100000049690701,Unknown
PFC,100000049785344,Unknown
PFC,100000049737439,Unknown
PFC,100000049656022,Unknown
PFC,100000049369453,Unknown
PFC,100000048592169,Unknown
PFC,100000048883356,Unknown
PFC,100000048744688,Unknown
PFC,100000048651024,Unknown
PFC,100000048798270,Unknown
PFC,100000048587663,Unknown
PFC,100000048791742,Unknown
PFC,100000048654541,Unknown
PFC,100000048882715,Unknown
PFC,100000048627017,Unknown
PFC,100000048622573,Unknown
PFC,100000048995101,Unknown
PFC,100000048528735,Unknown
PFC,100000048845046,Unknown
PFC,100000048472076,Unknown
PFC,100000048474407,Unknown
PFC,100000048832575,Unknown
PFC,100000048983734,Unknown
PFC,100000048754394,Unknown
PFC,100000048856710,Unknown
PFC,100000048846662,Unknown
PFC,100000048896953,Unknown
PFC,100000048727235,Unknown
PFC,100000048904898,Unknown
PFC,100000048999447,Unknown
PFC,100000048794248,Unknown
PFC,100000048482597,Unknown
PFC,100000048514389,Unknown
PFC,100000048617165,Unknown
PFC,100000048943860,Unknown
PFC,100000048746492,Unknown
PFC,100000048590058,Unknown
PFC,100000048502757,Unknown
PFC,100000048561954,Unknown
PFC,100000048992316,Unknown
PFC,100000048698014,Unknown
PFC,100000048513693,Unknown
PFC,100000049020374,Unknown
PFC,100000048989512,Unknown
PFC,100000048854089,Unknown
PFC,100000048762312,Unknown
PFC,100000048647220,Unknown
PFC,100000048942945,Unknown
PFC,100000048611517,Unknown
PFC,100000049151069,Unknown
PFC,100000048792922,Unknown
PFC,100000048749721,Unknown
PFC,100000049094788,Unknown
PFC,100000048565358,Unknown
PFC,100000048984510,Unknown
PFC,100000049277201,Unknown
PFC,100000049277657,Unknown
PFC,100000049027104,Unknown
PFC,100000049165731,Unknown
PFC,100000049083268,Unknown
PFC,100000049174497,Unknown
PFC,100000049128831,Unknown
PFC,100000049253476,Unknown
PFC,100000049268825,Unknown
PFC,100000049285789,Unknown
PFC,100000049149108,Unknown
PFC,100000049177289,Unknown
PFC,100000049316103,Unknown
PFC,100000049273435,Unknown
PFC,100000049037873,Unknown
PFC,100000049240433,Unknown
PFC,100000049342793,Unknown
PFC,100000049030371,Unknown
PFC,100000049035213,Unknown
PFC,100000049157160,Unknown
PFC,100000049281454,Unknown
PFC,100000049203338,Unknown
PFC,100000049024999,Unknown
PFC,100000049316604,Unknown
PFC,100000049097399,Unknown
PFC,100000049157688,Unknown
PFC,100000049061440,Unknown
PFC,100000049069420,Unknown
PFC,100000049204133,Unknown
PFC,100000049339615,Unknown
PFC,100000049304447,Unknown
PFC,100000049242129,Unknown
PFC,100000049339499,Unknown
PFC,100000048716497,Unknown
PFC,100000048721821,Unknown
PFC,100000048438017,Unknown
PFC,100000048636152,Unknown
PFC,100000048447421,Unknown
PFC,100000048613540,Unknown
PFC,100000048614176,Unknown
PFC,100000048625402,Unknown
PFC,100000048438578,Unknown
PFC,100000048748557,Unknown
PFC,100000048757217,Unknown
PFC,100000048722322,Unknown
PFC,100000048446973,Unknown
PFC,100000049468654,Unknown
PFC,100000049584005,Unknown
PFC,100000049866847,Unknown
PFC,100000049815390,Unknown
PFC,100000049589963,Unknown
PFC,100000049898410,Unknown
PFC,100000049461005,Unknown
PFC,100000049861087,Unknown
PFC,100000049814842,Unknown
PFC,100000049860873,Unknown
PFC,100000049619747,Unknown
PFC,100000049398706,Unknown
PFC,100000049399581,Unknown
PFC,100000049749051,Unknown
PFC,100000049427993,Unknown
PFC,100000049803444,Unknown
PFC,100000049975717,Unknown
PFC,100000049463898,Unknown
PFC,100000049992462,Unknown
PFC,100000049546579,Unknown
PFC,100000049731849,Unknown
PFC,100000049512518,Unknown
PFC,100000049778869,Unknown
PFC,100000049543225,Unknown
PFC,100000049726707,Unknown
PFC,100000049521756,Unknown
PFC,100000049682829,Unknown
PFC,100000049487532,Unknown
PFC,100000049429311,Unknown
PFC,100000049942314,Unknown
PFC,100000049667000,Unknown
PFC,100000048571021,Unknown
PFC,100000048902478,Unknown
PFC,100000048780039,Unknown
PFC,100000048763935,Unknown
PFC,100000048768629,Unknown
PFC,100000048652133,Unknown
PFC,100000048625387,Unknown
PFC,100000048979259,Unknown
PFC,100000048560053,Unknown
PFC,100000048540335,Unknown
PFC,100000048851579,Unknown
PFC,100000048957042,Unknown
PFC,100000048545196,Unknown
PFC,100000048870471,Unknown
PFC,100000048796953,Unknown
PFC,100000048868784,Unknown
PFC,100000048619148,Unknown
PFC,100000048510185,Unknown
PFC,100000048614614,Unknown
PFC,100000048933161,Unknown
PFC,100000048611574,Unknown
PFC,100000048659443,Unknown
PFC,100000048702998,Unknown
PFC,100000048863836,Unknown
PFC,100000048707984,Unknown
PFC,100000048686877,Unknown
PFC,100000048846628,Unknown
PFC,100000048798211,Unknown
PFC,100000048771636,Unknown
PFC,100000048981237,Unknown
PFC,100000048827985,Unknown
PFC,100000048760453,Unknown
PFC,100000048604749,Unknown
PFC,100000048783377,Unknown
PFC,100000049129017,Unknown
PFC,100000048984408,Unknown
PFC,100000048894540,Unknown
PFC,100000049085888,Unknown
PFC,100000048610819,Unknown
PFC,100000048755950,Unknown
PFC,100000048823105,Unknown
PFC,100000048904340,Unknown
PFC,100000048955488,Unknown
PFC,100000048818727,Unknown
PFC,100000048750747,Unknown
PFC,100000049024528,Unknown
PFC,100000049135037,Unknown
PFC,100000048471522,Unknown
PFC,100000048573294,Unknown
PFC,100000048987602,Unknown
PFC,100000048643468,Unknown
PFC,100000048811475,Unknown
PFC,100000048599588,Unknown
PFC,100000048539213,Unknown
PFC,100000049100123,Unknown
PFC,100000048653190,Unknown
PFC,100000049002185,Unknown
PFC,100000048690696,Unknown
PFC,100000048514488,Unknown
PFC,100000048748567,Unknown
PFC,100000048756449,Unknown
PFC,100000048474906,Unknown
PFC,100000049150635,Unknown
PFC,100000048546289,Unknown
PFC,100000048674273,Unknown
PFC,100000048608653,Unknown
PFC,100000048508614,Unknown
PFC,100000048991289,Unknown
PFC,100000049346242,Unknown
PFC,100000049042448,Unknown
PFC,100000049121514,Unknown
PFC,100000049254948,Unknown
PFC,100000049330408,Unknown
PFC,100000049250579,Unknown
PFC,100000049063185,Unknown
PFC,100000049350709,Unknown
PFC,100000049189656,Unknown
PFC,100000049043379,Unknown
PFC,100000049250308,Unknown
PFC,100000049308888,Unknown
PFC,100000049126764,Unknown
PFC,100000049328739,Unknown
PFC,100000049219339,Unknown
PFC,100000049031997,Unknown
PFC,100000049247642,Unknown
PFC,100000049078270,Unknown
PFC,100000049221640,Unknown
PFC,100000049161021,Unknown
PFC,100000049115472,Unknown
PFC,100000049051733,Unknown
PFC,100000049135935,Unknown
PFC,100000049205857,Unknown
PFC,100000049144928,Unknown
PFC,100000049231265,Unknown
PFC,100000049259406,Unknown
PFC,100000049244528,Unknown
PFC,100000048502762,Unknown
PFC,100000048475746,Unknown
PFC,100000048477879,Unknown
PFC,100000048759521,Unknown
PFC,100000048465275,Unknown
PFC,100000048507941,Unknown
PFC,100000049722023,Unknown
PFC,100000049626519,Unknown
PFC,100000049828815,Unknown
PFC,100000049964820,Unknown
PFC,100000049831253,Unknown
PFC,100000049970265,Unknown
PFC,100000049545806,Unknown
PFC,100000049449035,Unknown
PFC,100000049899641,Unknown
PFC,100000049594551,Unknown
PFC,100000049716068,Unknown
PFC,100000049558481,Unknown
PFC,100000049756290,Unknown
PFC,100000049507218,Unknown
PFC,100000049556372,Unknown
PFC,100000049886001,Unknown
PFC,100000049393002,Unknown
PFC,100000049893833,Unknown
PFC,100000049441313,Unknown
PFC,100000049891052,Unknown
PFC,100000049497656,Unknown
PFC,100000049952640,Unknown
PFC,100000049851711,Unknown
PFC,100000049944778,Unknown
PFC,100000049371851,Unknown
PFC,100000049584018,Unknown
PFC,100000049379464,Unknown
PFC,100000049360432,Unknown
PFC,100000049407822,Unknown
PFC,100000049366390,Unknown
PFC,100000049467778,Unknown
PFC,100000049429490,Unknown
PFC,100000049691270,Unknown
PFC,100000049644639,Unknown
PFC,100000049894752,Unknown
PFC,100000049866689,Unknown
PFC,100000049819352,Unknown
PFC,100000049400926,Unknown
PFC,100000049396993,Unknown
PFC,100000049974276,Unknown
PFC,100000049522523,Unknown
